,text
0,"Не могу напиться с неприятными людьми. Сколько ни пью - не напиваюсь. Они уже напились - а я никак. И чем больше пью, тем больше их понимаю. И чем больше понимаю, тем противней. Никогда не пейте с неприятными людьми. "
1,"За что ты полюбил меня, Маттео?Сначала я увидел вас на балконе. У вас был сонный вид, как будто вам все постыло. К этому времени как раз и мне все постыло. "
2,"Так и будешь таращиться? У тебя должны быть очи, подобные сияющим звездам! "
3,"Распоряжение Сталина: ""Картин должно быть мало, но только хорошие"". И картин стало мало, но только плохие. "
4,"Человек рождается жить, а не готовиться к жизни. "
5,"Девушка была неуемная, но предусмотрительная и хорошо знала, что можно, а чего нельзя. Тогда все девушки берегли свою девичью честь. Некоторые доберегли до конца. "
6,"С какой стати я обязан быть на него похожим! С меня достаточно, что я похож на самого себя. "
7,"До свидания, милый. Можно, я тебя поцелую? Маттео. Это лишнее. Пока. Никогда не давайте поцелуя без любви. А ведь вы меня еще не могли полюбить. "
8,"Зачем вы оправдываетесь? Я же не спрашиваю, кто к вам должен прийти. Поклонники, начинающие с того, что ревнуют, либо смешны, либо самоуверенны. "
9,"Но главное, чего я хочу — это служить вам. Для вас душа моя — воск, на котором вы можете запечатлеть все, что вам угодно. "
10,"Любопытно было бы услышать, с какими дамами еще был знаком ваш господин.Еще в него была влюблена девица Альтидисора. Тоже принцесса? Это была горничная, но ей едва стукнуло пятнадцать лет. Самая здоровая девушка во всем замке. Но при виде Дон Кихота ей сразу становилось дурно, и подругам…"
11,"Когда Марлен Дитрих, звезду мирового экрана, спросили: - Как вам удается не стареть? Она ответила: - Я хорошо сплю и никому не завидую. "
12,"Грех не случается, а совершается. В результате всего предыдущего, всей жизни твоей. "
13,У каждого есть право на собственное несчастье. 
14,"Как тебе тут живется? Сижу в трактире, как приманка для дроздов. Посетителям разрешается смотреть, как я перекладываю пищу из горшков в желудок. А тебе как тут живется? Просеиваю знатных сеньоров для будущей совместной жизни. "
15,Не является ли мое стремление к праведности лишь гордыней? 
16,Но он и слова мне не сказал! Потому что его чувство всегда было возвышенным и далее почтительных взглядов дело не заходило. 
17,"Иногда он забредал в наше Тобосо и тут влюбился в тебя за твою миловидность. Я не обращала на него никакого внимания. Ты не обращала на него внимания, но ты показалась ему достойной быть владычицей его помыслов. "
18,"Почему же, твой Дон-Кихот и на этот раз не пришел ко мне, когда я сама его позвала? Да потому, что по законам рыцарства, он сначала должен был выполнить свое обещание и спасти принцессу от великанов! А потом уж думать об удовольствиях! "
19,"Так что он там — женился, нет? Как же он мог жениться, если владычицей его души была Дульсинея! "
20,"Владычицей его души была несравненная Дульсинея. Но она как бы была, но в тоже время ее как бы и не было! Но он был верен ей и отвергал королев, императриц и всякого рода дам. Жених. Значит она как бы и была? Как бы и была. "
21,"Смиренный со смиренными, гордый с надменными, он смотрел опасности прямо в глаза. Он не унывал в бедах. Он был влюблен ни в кого. Мать. Вы изволили сказать, что он не был влюблен ни в кого? Он был влюблен ни в кого. Отец (Жениху). Понял? Жених. Не понял. Мать. Если можно, скажите еще раз, Санчо,…"
22,"Когда мы вступаем в отрицательные отношения с кем-либо, происходит обмен разрушительными энергиями. И мы выходим из этого более опустошенными, чем если бы досадовали в одиночку. "
23,"Как зависит дар художника от того, на какой максимум счастья он способен! У Шпаликова этот максимум счастья был высок. Соответственно, так же глубока и пропасть возможного отчаяния. "
24,У интеллигенции вместо идей и страстей - сплетни. Называется информация. 
25,"у нас были творческие дни, просмотры иностранных фильмов и Чехов, у которого мы учились. Но у него герои пили чай и незаметно погибали, а у нас герои пили чай и незаметно процветали. "
26,Ее знатность была видна на расстоянии арбалетного выстрела. 
27,"Мы знаем, что есть две сверхдержавы: Россия и Америка. А не вернее было бы считать, что есть, скажем, одна сверхдержава, например, Швейцария. Люди там живут хорошо и ни с кем не воюют. Простите, это к слову. "
28,"Бог мой! Приведи меня к чему-нибудь. К успокоению? К новой жизни? К единению с людьми? К преодолению пороков, слабостей моих? К смерти? "
29,"Как торопился отдавать! Чтобы не подумали, что жалею! "
30,"Как двойные звезды, жизнь и искусство соединены невидимой тканью. Если эту ткань попытаться растянуть, рано или поздно она все равно сократится, и искусство нанесет свой запоздалый и потому особенно жестокий удар. "
31,Понял слово смирение. Давно уже понял. Но то и дело забывается. 
32,"Все глупое, что было некогда сделано, - пустяки, казалось, потом идут с тобой за руку всю жизнь, убивают, не убивая до конца. "
33,"Театр Шекспира ""Глобус"" работал, по нашим понятиям, безответственно. Срепетировал спектакль за две недели, актеров забросали гнилыми яблоками. Они расстроились, выпили. Стали репетировать другой спектакль, опять же за две недели. "
34,"Товстоногов хотел умереть, как артист Бабочкин, в машине. Говорил так. И это было ему даровано. Успел подрулить к тротуару и притормозить. С такою же подробною точностью, какою он владел на сцене. Высшие силы позаботились о нем до конца. "
35,"Некогда были слова: ""звезды"", ""небо"", ""счастье"", ""самоубийство"". Теперь вместо них слова все простые, а тех - нет и в помине. "
36,"Как заразительна суетность, изощренная зависть, обезумевшая мелочность - это как болезнь, заразиться может любой. Ощущение единственности жизни незаразительно, как здоровье. "
37,"И война первых месяцев - с марсианами, в расчете на то, что гусеницы их танков пробуксуют на нашей крови. И госпиталь с палатой на пятьсот человек - кто мог, добирался, писал в ведро, которое стояло посередине. "
38,"Соблазны, конечно, внутри нас, но возможность этот соблазн осуществить - она только среди людей. "
39,"Нынешняя молодежь умнее ли нас, когда мы были молодыми? Да. Будет ли она счастливей нас? Не думаю. "
40,"Человек начинает жить своей единственной жизнью, совершенно, как ему кажется, не похожей на жизнь его родственников и на жизнь всех людей прежних времен. А потом оказывается, что он живет в периферийном городке, работает инкассатором в городском банке, и жена его - не лучшая из лучших, как мечталось. Трудно примириться со…"
41,"Разрушение Земли? А вместе, неотрывно - разрушение себя, того Я, которое глубоко внутри, которое задумано было, сотворено Богом. И забыто, замусорено нами. Имеем дело только с этим замусоренным собой. "
42,"До войны, в армии, нас водили из казармы в баню, кажется, раз в две-три недели. Там, в банном непроглядном пару, надо было торопиться, потому что очереди ожидало следующее подразделение. А в войну нас водили в баню только на переформировке, раза три-четыре в год. Все остальное время мы были одетые, точнее сказать - в…"
43,"Здравствуй, Катя, который час? Что ты делаешь сейчас? Бросай дело ты свое и послушай мой рассказ. Сказать невольно я решился, любовь заставила меня. Любовью дышат все народы. Катя, я люблю тебя. Когда умру, когда скончуся, когда в холодный гроб сойду, тогда любить меня не сможешь. Люби сейчас, пока живу. "
44,"""Почемучки Почему наши войска оказались в Венгрии, а не венгерские у нас? Почему наши войска оказались в Чехословакии, а не чехословацкие у нас? Почему наши войска оказались в Афганистане, а не афганские у нас? Почему наши войска оказались в Эстонии, Латвии, Литве, а не их войска у нас? Почему они добровольно…"
45,За рубежом грибных лесов нет. 
46,"Но что сильнее: дружба или любовь? Можно ли любить, но не дружить? Можно ли любить человека, который предал общее дело? Может ли человек любить два раза? Может ли быть любовь с первого взгляда? Может ли быть любовь, если мужчина младше? Ответить на этот ряд вопросов удовлетворительно, положа руку на сердце, мы ещё не…"
47,"Никто не свободен ни в чем, ни в чем. Как короток этот поводок, на котором мы кружимся!.. "
48,"Скромность украшает только в первый момент. А потом к тебе начинают относиться так, как ты сама себя поставила. "
49,"Некоторые считают так: нельзя пройти, так я переползу. В искусстве так не получается, можно только перелететь. "
50,"Простите, простите, простите меня! И я вас прощаю, и я вас прощаю. Я зла не держу, это вам обещаю. Но только вы тоже простите меня! Забудьте, забудьте, забудьте меня! И я вас забуду, и я вас забуду. Я вам обещаю: вас помнить не буду. Но только вы тоже забудьте меня! Как будто мы жители разных планет. На вашей планете я не…"
51,"Надо следить за своим лицом, чтоб никто не застал врасплох, чтоб не понял никто, как плох, чтоб никто не узнал о том. Стыдно с таким лицом весной. Грешно, когда небеса сини, белые ночи стоят стеной — белые ночи, черные дни. Скошенное (виноват!), мрачное (не уследил!), я бы другое взял напрокат, я не снимая его б носил, я…"
52,"Отпустите меня, отпустите, рвы, овраги, глухая вода, ссоры, склоки, суды, мордобитья — отпустите меня навсегда. Акробатки на слабом канате, речки, заводи, их берега, на декорационном закате нитевидные облака, мини-шубки, и юбки, и платья, не пускайте меня, не пускайте, на земле подержите пока! "
53,"Это, что ли, жизнь кончается? Пять. Четыре. Три... Под ногой доска качается — и конец игры? Это значит — притомились? До свиданья всем? Но со счета где-то сбились. Десять! Восемь! Семь! Сроки снова отменяются. Это мне за что?.. Правилам не подчиняются. Триста! Двести! Сто! "
54,"Открыться жизни! Распахнуть наружу окно мое. Я сон души нарушу! Как долго заперта была в глуши. Распахнута душа моя, дыши! Смотри во все глаза, что происходит в открытом мире! Появился СПИД! Кто едет, кто дорогу переходит. Кто в семь проснулся, кто до часу спит! Какие толпы населяют Землю! Какие дети на траве растут! Как…"
55,"Никогда не думай, что о тебе думают, учись не зависеть от чужого мнения. "
56,"Калифорния. На бамперах почти всех машин - наклейки с надписями, чаще всего шутливыми. Это произвело на меня такое впечатление, что я просил переводить мне каждую. ""Три дня в неделю при мне заряженный пистолет. Догадайся, в какие дни"". Машину ведет молодая красивая женщина. На бампере: ""Как много мужчин, как…"
57,"Судья. Мир-то будет между вами? Шумилов. За последнее время скандалов не было. Ну, ударил я ее один раз. Судья. Когда? Шумилов. Число точно не помню. В общем, день рождения ее был. "
58,"Две дороги перед вами: быть главой семьи, радоваться, что у вас растут дочки, жена счастлива. И другая дорога — злодейка с наклейкой. Подумайте, может быть постараетесь вернуться в человеческое состояние? "
59,"Это как называется?. Хворост.(радостно улыбаясь). Хво-рост. Очень вкусно. Нина прекрасная кулинарка. Не напрягайся, дорогой. Простите, очень быстро, плохо понимаю. НИНА (улыбаясь). Это я не вам. (улыбаясь). Это она мне… Билл, рассудите, почему,…"
60,"Там было много новых слов. Я запомнилХорошо, хорошо. Билл рухнул на кровать. Я алкач, да? Бузыкин. Алкач, алкач. А ты – ходок. Бузыкин. Ходок я, ходок. Хорошо сидим… "
61,"Очень плохо, да?Да нет, не очень. Но ты же все вычеркиваешь? Не все. Но какие-то вещи я не могу оставить. Ну, вот: «Коза кричала нечеловеческим голосом». А каким?.. Бузыкин. А никаким. Просто кричала. "
62,Никакие письма не стоят хорошего состояния духа. 
63,"Есть вещи, о которых можно говорить только глядя в глаза. "
64,"Когда тебя невзлюбят, потом трудно разубедить. "
65,Стыдно быть несчастливым. 
66,"Когда ты без меня ты фантазируешь, и тебе кажется, что ты любишь меня. Но каждый раз, как мы встречаемся, ты разочаровываешься. "
67,"Эта элита признает Мадонну Литту. А для элиты той Литта - звук пустой. Она ценит, однако, Кафку и Пастернака. Сколько разных элит! Больше, чем простофиль. Этот - космополит, этот - славянофил. Эти - по шашлыкам, те - по средним векам, по уральским скитам, по сиамским котам. А над всякими всеми - физиков клан: насмешлив,…"
68,"В жизни часто симулируют болезни, в искусстве же все наоборот: симулируют здоровье "
69,"Наши девушки славятся своей красотой. Правда, стоит сказать об этом приезжему человеку, как обязательно мимо пройдут какие-нибудь тощие, белесые. "
70,"А это было еще тогда, когда: как снег был бел, как реки чисты, как небо в этих реках сине, валютные специалисты носили доллары в торгсины, а по небу аэропланы, а по земле автомобили, а пионеры в барабаны, а диверсантов посадили, а ввысь строительные краны, а вглубь большие котлованы, а мы, - чтоб сказку сделать былью,…"
71,"Любовь - это помешательство. Только когда два помешательства пересекутся - тогда получается счастье. Но это редкость, об этом потом двести лет пишут книги. ""Происшествие, которого никто не заметил"" "
72,Кто как умеет... тот так и верует. Я верующая в любовь и ласку. А кто никого не любит - тот грешник. «Мать Иисуса» 
73,"На могиле человека надо писать не то, кем он был, а то, кем он мог быть. "
74,"Заслуга не в том, чтобы не делать ошибок, а в том, чтобы вовремя их исправлять. "
75,"О тех, кого мы любим, мы можем рассказать меньше всего. "
76,"Сейчас иду по улице, смотрю, птицы сидят над карнизом. Он спит, а она его клюет - ей скучно. "
77,"Я начитан до мозга костей, я насыщен теорией по горло. "
78,"Есть в движенье сладость и тревога. Станция, внезапный поворот — Жизнь моя — железная дорога, вечное стремление вперед... Слишком много дальних расстояний,— только бы хватило кратких дней! Слишком много встреч и расставаний на вокзалах юности моей. "
79,"Что это у вас меланхолия? В наше время вы должны быть оптимистом. Берите от жизни все! Ильин. Все взял, ничего не осталось. "
80, По третьему закону Ньютона - действие равно противодействию. Она меня воспитывает - я сопротивляюсь. 
81,"Вопрос: почему отшельники удалялись от людей? Раньше я думал, потому что все люди греховные, значит подальше от них. На самом деле вовсе не так. А потому что он, отшельник, среди людей то и дело допускает плохие, грешные, как говорится, поступки. Соблазны, конечно, внутри нас, но возможность этот соблазн осуществить - она…"
82,"— А что природа делает без нас? Вопрос. Бузыкин диктовал. Алла стучала на машинке с профессиональной быстротой. — Кому тогда блистает снежный наст? Вопрос. Кого пугает оголтелый гром? Вопрос. Кого кромешно угнетает туча? Вопрос. Зачем воде качать пустой паром, И падать для чего звезде падучей? Ни для чего? На всякий…"
83,"- Когда-то злой волшебник Тролль смастерил зеркало, - слышен голос. В котором все доброе и хорошее исчезало, а все плохое, напротив, бросалось в глаза и выглядело еще отвратительнее. Тролль и его ученики были в восторге от зеркала. - Только теперь, - говорили они, - можно увидеть людей, да и весь мир таким, какие они есть…"
84,"По-моему, ты не только боишься поверить, что я тебя люблю. Ты все еще боишься поверить, что и ты меня любишь. "
85,Ты слушайся меня. Самые хорошие советы дают неудачники. 
86,"Как она вас любит! Это раз в жизни бывает, и то не со всяким. Другой и так проживет и думает - все в порядке. Где-то я читала, что любви нет, есть одна симпатия. Неправда! Разве что-нибудь сравниться с любовью? Без нее человек высыхает. "
87,"-Никогда не думай, что о тебе думают, учись не зависеть от чужого мнения. -Как же не думать? Мы же не одни живем, в человеческом обществе... "
88,"Видишь ли, есть женщины с ямочками на щеках, есть без ямочек. Тамара - единственная женщина в мире с ямочкой на одной щеке. "
89,"Ты - как тот хозяин, который жалел собаку. И отрезАл ей хвост по кусочку. Это больно... "
90,"Заслуга не в том, чтобы не делать ошибок, а в том, чтобы вовремя их исправлять. "
91,"Просто так мало случается видеть в жизни интересных людей, поэтому хочется казаться чуть лучше. "
92,"Дружба может быть без любви, а любовь не может быть без дружбы. "
93,Неинтересная женщина – все равно что глупый мужчина. 
94,"Перед девушками извиняться не стыдно, им всегда хуже, чем нам. "
95,"В разговорах с ним все почему-то легко находили точные и убедительные формулировки. Бузыкин понимал их несостоятельность, но быстро найти убедительные возражения не умел. "
96,Как часто наши пороки проистекают просто от недостатка ума. 
97,"Почему думают, что смерть - это страшно? Потому что больше не будет радостей жизни, ее удовольствий? Нет, смерть страшна не этим, а наступающим безразличием к радостям жизни и наступающим интересом к ее болям, ее лишениям и разочарованиям. Разумным, правильным разочарованиям во всем... Так смерть отнимает дни у жизни..…"
98,"Я тогда учился в пятом классе и не знал, что такое Пастернак. ""Почитай"". Почитал, не понял. Долго читал, ничего не понимая. Помогли мне упомянутые отлучения из дома. Тогда над подъездами были железные навесы. Там и начал понимать. (""... Так носят капли вести об езде, и всю-то ночь то цокают, то едут стуча подковой об…"
99,"Мало где люди так зависят от правительства, от его непостижимых ошибок и от решительного исправления этих ошибок на другие.Мало где так гадают, что следует ждать от правительства в будущем, что стоит за его словами и т.д. Хорошо, когда интересы членов правительства совпадают с нуждами страны. Это, к сожалению, случается…"
100,"Как зависит дар художника от того, на какой максимум счастья он способен! Соответственно, так же глубока и пропасть возможного отчаянья. Лишь гении неподведомственны рабству. "
101,"Спрос рождает предложение. Выросла порода людей, которые и сами уже подготовлены к зависимости. Рабство последних у предпоследних ( по положению), рабство нижележащих у среднесидящих, рабство среднесидящих перед вышестоящими, рабство вышестоящих перед еще более высокостоящими. "
102,"Очевидно, чувство любви, которое может стать радостью существования, не отказывает себе в праве поиздеваться. Подурачит, поводит за нос, собьет с толку, заморочит, десять раз обманет, а потом уж перед кем искупит свои забавы, а перед кем и нет. Так и проживут - и думают, что все в порядке. "
103,"Сейчас, например, надо, чтобы было страшно. В черных машинах, в бежевых дубленках приезжают посмотреть спектакль из жизни коммунальных квартир, из жизни насекомых. Правда, война была все же страшней, чем даже такой театр. "
104,"В искусстве размножились дегустаторы. Этак язычком: Ц... Ц... устарело это, сейчас нужно вот что... Прежде сверху указывали, каким и только каким должно быть искусство. Теперь прогре-ссивные дегустаторы решают, каким и только каким оно должно быть. Одноместный трамвай. "
105,"Прежде Россия славилась пушниной, лесом и бабами. Теперь бабы стали деловые, волевые. Прежде, когда становилось постыло, все могла заменить одна женщина. Теперь эту одну найти невозможно. Может быть, потому, что глаз пригляделся, чувства притупились, бдительность ослабла. Если мелькнет такая, ты ее и не заметишь. "
106,"Мы дети стольких грехов, что надо научиться хоть что-то прощать самим себе. "
107,"Любящие люди сосут нас больше, чем остальные. За это и любят. "
108,"Еще один день рождения. В детстве поздравляли старшие, и твоя жизнь становилась для тебя значительной, праздничной... Старших нет. А поздравления младших не поднимают тебя, как прежде, в собственных глазах... "
109,"Волевые люди подавляли Бузыкина. Они не слышат объяснений. Они выстроили в своём представлении такой определённый образ мира, нарушить который может только катастрофа. "
110,"Человек должен делать самое большее, на что он способен. "
111,"Комик Макс Линдер покончил жизнь самоубийством из-за того, что Чаплин его превзошел. Достоевский карикатурно изображал собратьев по перу Тургенева и Гоголя. Булгаков в ""Театральном романе"" вывел в образе завистливого писателя популярного в те времена Бориса Пильняка. Каждый выбирает себе предмет для соперничества и…"
112,"Все больше вампиров, все меньше доноров, нехватка крови. "
113,Самые хорошие советы дают неудачники. 
114,"Людям часто казалось, что плохого в жизни больше, чем хорошего. Но вот прошло время - и что на поверку? Ленин, Джордано Бруно, Пушкин - люди их вечно будут помнить! А разные инквизиторы, гонители, цари - почти все забыты. Только отдельных представителей еще по истории проходят, да и то путают, какой царь после какого шел. "
115,"Это в романах влюбляются неизвестно за что, а в жизни все-таки любят за что-то. "
116,"Иди к нему. А то, знаешь, есть такое словечко: ""поздно"". Ничего, еще узнаешь! Ты слушайся меня. Самые хорошие советы дают неудачники. "
117,"У нас одна девочка остригла косы, надела кофту в обтяжку, юбку с разрезами - у нее сразу мальчики появились. Скажите, почему это? Мальчишки тоже есть не лучше. Он с тобой знакомится и уже заранее спрашивает, где ты живешь - боится, что далеко провожать... "
118,"По идее можно жить только с такой женщиной, которая высекает из твоей души искры. "
119,"Надо привыкать к мысли, что лучшее уже позади. "
120,"Когда любят - не стыдятся. Любовь - бесстыдное чувство, учтите... "
121,Женаты мы. Любовь нас не волнует. Домашней лирики приходит срок. Пора! Пора! Уже нам в лица дует Воспоминаний слабый ветерок. 
122,"Я люблю, когда рассказывают про расставанье. "
123,"Пускай лучше думает, что я этакий отчаянный, безрассудный, ну, непрактичный - это женщины прощают. Надоело, говорю, все это, махнем куда-нибудь к дьяволу на Север... Вот, если бы она согласилась, я бы и взял ее к себе, а потом бы как-нибудь обошлось. Так нет, сначала ей надо выяснить, рассудить, вникнуть во все…"
124,"Я ведь, в сущности, живу одна. В будни ничего - работа у меня интересная, ответственная, все время чувствуешь себя нужной людям. А в праздник плохо. Никуда идти не хочется. Все парами, парами, только ты одна. Один раз еду в трамвае и думаю: ""Вот бы ехать, ехать, никуда не приезжать"". "
125,"Вот это был наш собственный переулок. Наш персональный кинотеатр. И наше личное небо. Какое небо, а? Зима, ночь, а оно синее, хоть ты разорвись! Нет, опасно возвращаться на те места, где ты был счастлив в девятнадцать лет! ""Где я страдал, где я любил, где сердце я похоронил"". "
126,"Девушка встретила человека. Он в нее влюбился до беспамятства. Она хочет пройти с ним рядом всю жизнь. А он вдруг - раз! - бросил ее. Тогда она другого встретила. Уже не совсем то, но все-таки привыкла к нему и тоже хочет с ним вместе пройти жизнь. А он - хлоп! - опять то же самое, ушел. А ей семью хочется, ведь женщина!…"
127,"Худо, брат, когда ты ошибешься в женщине и она до конца дней будет портить тебе существование. Но во сто раз хуже, если ты по дурости пройдешь мимо стоящего человека. "
128,"Жизнь моя, иль ты приснилась мне! Все-таки молодость - окаянная штука. Обещает и обманывает. А мы все верим. "
129,"Я вообще не верю мальчишкам. Я с одним два года дружила. А потом он меня избил и бросил. Да, сейчас уже не может быть, как в каком-то веке: девушка, жизнь за нее отдать... Сейчас перегиб в другую сторону. Им неинтересно с такой, которая будет какие-нибудь идеи толкать. У них одна цель - считают, что нужно обязательно…"
130,"Люди видели бы вокруг себя много прекрасного, если бы не были так злы. "
131,"У тети Томы есть календарь женщины - там точно подсчитано: если средняя продолжительность жизни семьдесят лет, то на сон уходит двадцать пять лет, на еду - шесть, на умывание - полтора года. А если подсчитать, сколько уходит на бессмысленные разговоры... "
132,"Между прочим, у нас на лестнице одна женщина - тридцать восемь лет - вышла замуж. За семидесятилетнего. В тридцать восемь лет можно выйти за что угодно. "
133,"Когда на столе белая скатерть и цветы - неловко быть мелочным, грубым, злым. Скатерть должна быть со складками от утюга: они пробуждают воспоминания детства. Возвышенно. Жить надо мудро, без суеты. Учти, в книге жизни много лишних подробностей. Но тут существует секрет: эти страницы можно…"
134,"Единственноость человеческой жизни для нас то и дело заслоняется повседневностью. Но искусство по сути своей - вызов человека небытию, неизбежной смерти, обжитой пустоте мироздания. В простейшей форме такой вызов - отчаянные, счастливые песни-крики Эдит Пиаф, неизлечимо больной женщины. Вахтангов незадолго перед смертью…"
135,"Как заразительна суетность, изощренная зависть, обезумевшая мелочность - это как болезнь, заразиться может любой. Ощущение единственности жизни незаразительно, как здоровье. "
136,"По уставу положено было служить два года, как и сейчас. Но нас не отпускали и три, и четыре. В общем, не было слышно, чтобы кого-нибудь отпустили. Готовились к предстоящей войне. Готовились, готовились, а она оказалась неожиданной. Казарма, красноармейская служба. Мальчишки, виновные без вины. Уставы, учения, чистка…"
137,"Когда начались сомнения? Когда началась отдельная от государства жизнь? Точнее сказать, не мы от него отделились, а оно от нас отделилось, дало понять, что не нуждается в наших мнениях. А нам – то и дело стыдно за него. За другие государства не стыдно, они не наши, а за это стыдно, потому что оно наше, и все, что оно…"
138,"Я работаю под началом Дмитрия Петровича. Должность невыразительная, просто инженер. К чему такое унижение? Инженер по-французски – изобретательный человек. "
139,"Может ли разучившийся работать народ заново полюбить свой труд? Не знаю. Чего потребуют от жизни разуверившиеся во всем молодые? Не знаю. Олигархи, на которых вся надежда, - да ведь и они изуродованы временем, сколько среди них ""чистых""? Не знаю. Может ли возродиться сила, способная снова взять власть в свои стальные…"
140,"Воспоминание. Год точно не помню, было это при Хрущеве, когда сажали за связь с иностран-цами. Арестовали писателя Кирилла Косцинского. Меня вызвали в Большой дом свидетелем. Следователи в военном разговаривали со мной дружелюбно, давая понять, что они теперь не такие, как были раньше. Расспрашивали про разговор, который…"
141,"Дядя, оставьте ее, она разберется сама. Мы все равно не можем жить по-вашему. Мы не умеем. У нас не получается.  Ничего, ничего, получится. Нет, я все-таки хочу, чтобы вы поняли. Мы ни за что не будем жить по-вашему. Это исключено. Мы никогда не будем жить по вашему. Лучше уж совсем не жить!.. "
142,"Скромность украшает только в первый момент. А потом к тебе начинают относиться так, как ты сама себя поставила. На завистников не обращай внимания, завидовать все равно будут. "
143,"Я сама с собой не люблю петь, а дома — некому, в театре — тоже ни к чему. Вообще я замкнулась... ㅤ "
144,"Помнишь, я говорила: лишь бы взяли, я на все согласна. Нет, видно, человек неблагодарное животное. Вот мне уже и мало этого, вот мне уже и плохо. ㅤ "
145,"Так эти тетради буквально съедают все время, ничего не остается на воспитательную работу. ㅤ "
146,"А что, если пойти к ним и сказать: возьмите меня. Мне не надо денег, я так буду работать. На уж, даром-то.Прямо бы в ног им: вы меня помните? Я понимаю, я для вас небольшое приобретение — я не так молода, у меня нет специального образования... Но ведь я ни на что не претендую! Только не…"
147,"Ведь я чуть не стала артисткой! И сама от всего отказалась. Ради чего! Ради того, чтобы переть моя сестра путалась с женатым человеком? Меня же сосем уже приняли в театр! "
148,"Вот беда, всю жизнь я сначала думала о своей сестре, потому уж — о себе. Я ради нее от всего отказалась. А теперь она выросла, завела роман с женатым человеком. "
149,"Я вынужден слушать, как ты несешь какую-то околесицу о любви и дружбе, и не могу захохотать. потому что мне тебя тоже жалко. "
150,"И вот, чтобы удержать друг друга, чтобы не потерять, мы скорей говорим старое нежное слово ""люблю"". А это не любовь. Это, может быть, даже лучше, сильнее, но этому еще не придумали названия. "
151,"Что делать, в юности часто против чего-то протестуют, стремятся во что бы то и стало утвердить свою личность. Но бывали случаи, когда именно такие вот отчаянные потом приносили человечеству пользу. "
152,"У меня такая установка: когда солнце есть и я его вижу — мне хорошо. Мне плохо, если солнце есть, а я его не вижу. "
153,"Что ты болтаешь! Володя захотел с тобой познакомиться. Где он может тебя увидеть? На стройке? Туда нужен пропуск. Домой тоже так не ворвешься, здорово живешь. Как он может тебя узнать? "
154,"Это все красиво, пока мы зрители: пришли, похлопали и отправились спать. А ты будешь переживать, почему сегодня хуже похлопали, чем вчера. "
155,"Где надежды? Где восторги? Ничего нет. Бабочка-однодневка. Л и д а. Ничего нет, значит, ничего и не было. Ермолову помнят с девятнадцатого века. ㅤ "
156,"Почему тебя не устраивает самодеятельность? Народные театры всюду есть. Если на то пошло, скажи, кто лучше сыграет рабочего, артист или рабочий? Л и д а. Тогда получается: чтобы этому рабочему сыграть Отелло, он должен сначала задушить свою жену? "
157,"Почему тебя не устраивает самодеятельность? Народные театры всюду есть. Если на то пошло, скажи, кто лучше сыграет рабочего, артист или рабочий? "
158,"Довольно. Да, довольно! С вами я горжусь своим разрывом!Хватит, хватит, довольно. "
159,"Поступающий, внешность которого, к сожалению, не соответствует образу, читает монолог Чацкого. "
160,"И вот теперь — столько потрачено сил, столько переговорено, столько бессонных ночей — ты вдруг чего-то испугалась? Заранее, без всякой причины, ни с того ни с сего?.. ㅤ "
161,"Если у нас случалась какая-нибудь неприятность, мы не падали духом, мы знали: через два дня мы идем в театр! ㅤ "
162,"Наоборот, будет плохо, если ты ничего не проверишь, ни в чем не убедишься и сама зароешь свой талант в землю. "
163,— Смерть за смерть! — воинственно закричали воинственные. 
164,"Если я не ошибаюсь, вам взбрело в голову, что я, так сказать, неудачник. Увы, я лично этого не нахожу. <...> Человек должен всегда оставаться самим собой. Самая выгодная позиция. <...> Запомните: я свободный, веселый и счастливый человек. И еще буду счастлив разнообразно и по разным поводам. "
165,"Готовились к предстоящей войне. Готовились, готовились, а она оказалась неожиданной. "
166,"Взглянешь на встречного он улыбнется вам и даже скажет ""Хай!"" или ""Монин!"" А если идешь со своим привычным выражением лица, могут спросить: ""Что с вами? Что-нибудь случилось?"" "
167,"После слез, говорит, становится легче, я лучше сплю. Значит, знает уже, и хорошо, – как «после слез». Значит, пролил их уже немало, успел. "
168,"Мы решали конкретные технические проблемы: способ проведения трассы, угол заточки резца – чем больше страсти в решении конкретной проблемы, тем больше убежденности, что все остальное – в порядке. "
169,"– Что вы делаете, сразу пишете? Вот посмотрите на него. Он думает! Думал же я о том, что меня тошнит. "
170,"Не отсюда ли, от ощущения бесконечности этой жизни, – вера в бессмертие? Может быть, эта вера – просто привычка жить? "
171,"Безвыходных положений нет. Если трудно вместе – можно разойтись. Если, напротив, конфликт на работе – можно найти другую, похуже. Если плохо в этом городе – можно уехать в другой, поменьше. Если больше невмоготу жить – можно перестать. Это случалось, и не раз, и с более достойными. Умерли все: Эйнштейн и Эйзенштейн, Гомер…"
172,Понял слово испытание. Это значит: послано испытание – совершу грех или нет. 
173,"Всему придумывается хорошее объяснение. Только ненадолго. Придумалось, успокоило и – исчезло. "
174,"Беда в том, что я, когда не выпью, – не человек. То есть вялый, скованный, малоинтересный. Если же немного приму, то становлюсь раскованным, с чувством юмора и любовью к рядом сидящей женщине. Тогда мне и со случайными людьми хорошо и им со мной хорошо. "
175,"Из-за чего только не мучился! Из-за того, что обидел – нечаянно, и не думал. Из-за того, что опоздал, из-за того, что поступил глупо. Из-за женщин, порядочных и непорядочных, из-за порядочных больше. Из-за друзей, близких и не очень. Из-за близких больше. Никогда не мучился только из-за одного: из-за того, что мучаюсь…"
176,"Раньше падал духом с высоких мест. Взбирался на них долго, а падал легко и ненадолго. Теперь же особенно высоко не взбираюсь. К чему? Все равно падать. "
177,"Когда мы влюблялись, не казалось ли нам, что это – на всю жизнь? Сколько раз мы ошибались в этом. Когда мы переходили на новую работу, не радовались ли мы обилию новых людей, новой жизни, не похожей на прежнюю? А когда мы привыкали к этим людям, как разочаровывались. Сначала в этом человеке, затем в том, как стали…"
178,"Как хорошо однажды понять, что ты – человек прошлого. Знакомые думают, что они знают тебя, а на самом деле они помнят тебя. "
179,"-...А я решила покраситься, а то ни разу брюнеткой не была. (Встала, повернулась к нему лицом, беспокойно засмеялась.) -Смотрю я на тебя и думаю: дура ты или умная? -Я не дура, я не умная - я веселая. "
180,"Искусство всегда нарушает нормы. Но лучше в малом нарушить нормы сильно, чем в большом чуть-чуть.  "
181,"Человек, который лелеет свои настроения, увлекательно говорит о своих настроениях. почему-то, как правило, глух к настроениям других.  "
182,"Вы не устали от ваших романов? По-моему, это утомительно. Филимонов. Романы? А у кого их сейчас нет? Только раньше, в молодые годы, мы были охотники, а теперь становимся дичью. Вот это - ха-ха-ха - действительно утомляет. Но с вами, Ирочка, я опять охотник. (Он взорлил, оставляя все же возможность воспринять это как…"
183,"Хорошо, допустим, он такой. Но он ведет какую-то свою игру. А ты - пешка в этой игре! Страдания пешки на шахматной доске! Ира: Но без этой пешки он пропадет! Миша: Не думаю  "
184,"Что же, интересно, он обо мне говорил? Наташа: Только хорошее! Как раз это меня в нем и подкупило: не люблю, когда одной девушке говорят про другую, что она неплохой человек, но чего-то в ней не хватает. Я ведь знаю, как он любил вас, сколько лет! Одно это в наши дни поражает. Ведь такая юная школьная любовь потом…"
185,"И ты молчал, когда меня обвиняли в убийстве! Ты молчал, когда меня хотели лишить жизни! Ты же был друг мне! Значит, верной дружбы не может быть? Значит, ничего нет верного? Что же тогда есть? "
186,"Глава: В нашем роду появились люди, которым надо посеять раздор. Об этом еще трудно говорить. Но мне кажется, что для этой цели они выбрали тебя. Ушастый: Почему меня? Глава: Может быть, потому, что ты не такой, как они. Они это нюхом чуют. Станешь совсем взрослый - хлопотно будет с тобой. А если ты докажешь, что не…"
187,"Я понимаю, тебе трудно. Когда тебе изменят, это всегда обидно. Но что делать. За любовь можно бороться только любовью. Злость тут не помогает.  "
188,"Постойте. Я что хочу. Ушастый, а?.. Опять врать станешь? Ведь так и покатится. Дети начнут взрослым врать. Взрослые будут друг другу врать! До чего вообще-то дойти может? Страшно подумать! Своему же собственному Главе будут привирать! Больше скажу. Один Глава рода будет другому Главе рода врать почем зря! А тот Глава…"
189,"Что же получается? Разные люди говорят разное. Непонятно, кому верить, кому не верить... Да и как не верить? Если мы перестанем верить друг другу, что начнется? Тогда нам остается разойтись в разные стороны. Тогда мы уже не единая семья, а неизвестно что! Так что давайте на этом прекратим наши препирательства и…"
190,"Ну вот, опять начали бросаться друг на друга. Потому что все голодные. Неужели нельзя мирно поговорить, без оскорблений? Ушастый, скажи по-хорошему. (Ящерица) "
191,"Если все это осуществится, да еще при помощи Куропеева, это будет смешно. А впрочем, почему бы и нет? Бывало же так: что-то кажется человеку невероятным. невыполнимым, но вот кто-то сказал это вслух, и другой повторил, и его идея стала для всех простой и естественной, и даже странно, как это до сих пор ее никто не…"
192,"Вот в этом как раз твое несчастье. Природа дала тебе тщеславие, а способности придержала. Поэтому все твои понижения и повышения стоят тебе гигантского труда. И чем дальше ты будешь подниматься по лестнице, тем больше тебе будет не хватать способностей. Я раньше как-то не мог говорить с тобой откровенно. Мне с тобой…"
193,"...а сейчас надо идти. Саня: Не пойду. Лямин: Почему? Саня: Я сказал... Я не умею сочувствовать. Лямин: Не надо сочувствовать, просто проведаем. Саня: Нет, надо сочувствовать. У неё несчастье - значит, надо сочувствовать. А я вообще не умею переживать. Сегодня был у своих старух. У них неприятности, а я сижу и не…"
194,"Изнашиваются не люди, не вещи, а наш способ глядеть на них. Сечешь? -Полный покой. Невозмутимость. Болезни - от обид. Старость - от зависти. Усваиваешь? В книге жизни много лишних подробностей, эти страницы надо пропускать.  "
195,"Все, все... Белый танец! (ставит пластинку на диск.) Дамы приглашают кавалеров! Катя: Пошли уж... Хм... Белый танец. Одна форма без содержания. Сейчас уже не может быть как в каком-то веке: девушка, жизнь за нее отдать... Сейчас перегиб в другую сторону. Вам неинтересно с такой, которая будет какие-нибудь мысли…"
196,Со всеми хорошей быть нельзя. Как конфетку оближут! 
197,"Это я сама прочту. ""Вы в своей статье пишите, что она неисправима. Но В.И.ленин - Ленин! - говорил, что девяносто девять процентов поддаются агитации или внушению. Не могла же она оказаться сотой! Почему же вы сами не повлияли, а стали просить помощи у газеты?"" Критика в ваш адрес.…"
198,"Не знаю, что мне делать: демонстративно уйти или демонстративно остаться. "
199,"Еще угнетенный неловкостью перед Аллой, но уже озабоченный предстоящим объяснением с Варварой, он то трусил перебежками, то припускался стремглав. "
200,"Девушка не спит, не спит, не спит, полюбила злого чудака. Неудачник, люмпен, эрудит и, возможно, тронутый слегка. Он читает старые стихи, о самоубийстве говорит, у него глаза тихи, тихи, он немолод и небрит, небрит. Некогда его любовь сожгла. У него в груди зола, зола. Под глазами у него круги, за спиною у него враги.…"
201,Человек должен всегда оставаться самим собой. Самая выгодная позиция. 
202,Когда человек один - ему все представляется в мрачном свете. 
203,"Опасно возвращаться на те места, где ты был счастлив в 19 лет. "
204,"...если средняя продолжительность жизни семьдесят лет, то на сон уходит двадцать пять лет, на еду - шесть, на умывание - полтора года. А если подсчитать, сколько уходит на бессмысленные разговоры... "
205,"– Ничего, это только начало"
206,"Когда срок ее пребывания в доме отдыха кончился, я ринулся за ней в Осташков, хотя не прошло и пяти дней, как приехал"
207,"- Наша дочь выходит замуж, - сказала она"
208,– Да! Да! – в слезах вскричала Ящерица
209,"– Это со мной, – сказала Землеройка"
210,"То Папа умер, то землетрясенье —"
211,"Маленькие мысли, оставьте меня! Сгиньте, брысь!"
212,Какой-то очень неприятный человек требовал у официантки чего-то необыкновенного
213,"– Почему – увлекалась? Я и сейчас увлекаюсь, даже сильнее, чем раньше"
214,"Правда, и смотреть-то отсюда не на что"
215,– А ее там нет
216,"– Значит, я твоя жена!"
217,- Что же здесь такого хорошего? - удивился я
218,а вечерами с вами пил
219,Но вот в двери появилась девушка в белом
220,Я бы даже так выразился – за честь
221,"Это и не круг вовсе,"
222,"– А как же! Я буду рассказывать о твоей притягательной внешности, о твоем необыкновенном телосложении, и как ты всем этим пожертвовала ради нас"
223,В первый раз я ничем не могу помочь ей
224,"- Что же, довольна ты своей судьбой?"
225,чтоб никто не узнал о том
226,"Два роскошных курсанта во френчиках и фуражечках, совещаясь, смотрят из-за деревьев"
227,"Можно носить слуховой аппарат, но я избегаю - мне кажется, что он немного смущает собеседников"
228,Сколько времени это длилось? Не знаю
229,"Начались березы - чем дальше от центра, тем выше"
230,"Она сначала испугалась, но они ее успокоили каким-то своим способом"
231,Сообрази! На это тебя уже не хватает?
232,"– Здесь не знают, из какого я рода"
233,"Вот так каждый раз наши ссоры оканчиваются далеко от того места, с какого начались"
234,"Официантка только присела напротив скульптурного водопроводчика, как за этот же столик (стыд, неразбериха жизни) села женщина с сонным лицом, заказала бутылку пива, стала тянуть из граненого стакана, Мне стало жалко и ее, и официантку, и мою дуру дочь, и жену, и всех женщин"
235,и если последний ночлег —
236,Тот только и мог сказать жалобно:
237,"И странно представить, что некогда она могла возбуждать воображение"
238,Что-то неисправимо изменилось в ней
239,"Как тебе твой-то понравился, который похитил?"
240,Опоздаю в казарму! Где ремень? Вот ремень
241,"Вывезти и сжечь, что ли"
242,"Хитрая проза жизни может соблазнить лишь тем, что крадет у поэзии"
243,"Пистолет мой лежит в грязи, не взяли"
244,"Тому, кто его выдаст, было обещано двести дукатов… Но все же несколько отвлекаюсь…"
245,"Там уже пристроилась семья, видимо приезжая: очень красивая серьезная женщина, которая курила, ее муж - здоровенный серьезный человек и серьезный взрослый сын"
246,А я — фьюить! — разжалован в солдаты
247,– А тогда ему попадет
248,Тут отдают! Тут улыбаются светло!
249,а для меня твоя беда
250,Куда бегут? Зачем? К кому?
251,"как вы искали, не видали"
252,Она перестала бы меня ценить
253,Ради меня они коснулись и поэзии
254,"Сегодня Оля подошла ко мне сзади, когда я писал, и, глядя не на тетрадку, а на голову мою, усмехнулась: ""Что, старичок, все трудишься?"""
255,"А как они рыбу сохраняют, чтобы не портилась?"
256,"Но она не обратила внимания и на эту сеть, потому что остановилась оторопев"
257,"– Попробую поговорить с ней, – сказал Похититель"
258,Вы веселитесь?  И я веселюсь
259,"А под конец, зевнув устало,"
260,А над всякими всеми -
261,"Есть же люди, которым везет! У меня была Мария — скромная красивая девушка"
262,"– А вот ты, мог бы так? А? Попал бы?"
263,"я, как солдат, пишу ответ"
264,А члена парламента все не оставляли в покое
265,"Разрешите взять мантилью, господин офицер"
266,"Пустые полки, все упрятано на ночь"
267,Товарищ моего сердца? Мы земляки?
268,"Меня цыгане увезли в Севилью, чтобы я могла скопить денег и вернуться к моей матушке"
269,"Так, с пятого на десятое"
270,"Ящерица хотела было ответить, но не смогла, ком подкатил к горлу, залилась краской"
271,"Тут Ящерица не удержалась, бросилась на Поющую"
272,» То есть – еще вернешься ли
273,"– Говори, дочка, – сказал Советчик"
274,– Шкуры – это ладно
275,Равенство хитрых и ушлых — ушлым?
276,"Но вот глаза его гипнотически начинают мутнеть – кажется, задремал"
277,"На этой улице, в доме старой цыганки…"
278,Это чтобы зверь бросился на него…
279,и осуждать их не берусь
280,"Она стояла непринужденно и смотрела, скромно опустив глаза"
281,хотя по роли требуется мат
282,"Но окна забраны решетками, на двери, наверняка, сигнализация"
283,Качу как-то в коляске с полковником — что вижу! Разжалованный мой на посту!
284,"Если бы вдруг я наткнулась на более одаренного и беззащитного человека, я, возможно, заколебалась бы"
285,А не снесете головы -
286,"– Какая-то из провинции, что ли"
287,Верней - не спать пора
288,"– Достоверных источников, – подсказал Красноречивый"
289,"Думаешь, обойдется — нет, не обходится ничего"
290,"Я сразу понял свою оплошность, молю их:"
291,"– Раньше я думала, что глаза – просто для того, чтобы смотреть"
292,– Выдайте ей другую шкурку
293,– Мы пришли мириться с тобой!
294,"потому что это не нужно слышать,"
295,"И опять станешь такой! У него лечатся большие люди, которых я тебе назвать не могу! К нему попасть – это великое везение! К нему очередь! И я о тебе уже договорилась! Причем, он не терпит людей с гонором, а ты скромный человек"
296,"Надо знать, где они там"
297,"– Ничего не помнит, ничего не знает"
298,"– Смотри, она что-то поняла!"
299,"Это был человек из их Рода, пропавший без вести уже давно"
300,Как они эту сеть делают? Мало ли что с нашей случится
301,"а там — сравнение систем,"
302,– И никому это в голову не пришло! Вот потому ты и Глава
303,"– Посмотрите, что они пишут на стенах!"
304,Зачем бегут?  Куда?  К кому?
305,Вот у кого полно рыбы
306,"Мне писала моя жена! Единственный отклик на мое поэтическое творчество пришел от собственной жены! Следовало бы удавиться, если бы это не было так трогательно"
307,Кто нам — иль им — главою будет?
308,– Почему ты какой-то такой? Необыкновенный? – пошучивала она
309,– Ты непохожа на наших женщин
310,"– На себя посмотри, измотался уже весь!"
311,"– Щербатый, Долгоносик, проводите ее к той поляне у подножия гор, где живут Скорпионы"
312,"Обманутая, замороченная, соблазненная (пошлое, но точное слово), она считала себя умней и дальновидней нас"
313,"мы подонка — по имени-отчеству,"
314,"– Вот ты всегда замечаешь то, на что другие и не обратят внимания"
315,"И вот я отсидел, казалось, уже достаточно"
316,"Ни он, ни она не пили вообще"
317,"Скорпионы уже танцевали свое, похожее на наше сегодняшнее"
318,"И чувствую, он начинает тянуть время"
319,"К тому же она врач, всем нужна"
320,"… и я, не желая того, сгоряча! Прикончил его"
321,не верь среди бесчинства тайн
322,"Стал говорить ей: “Это могло бы быть! Это могло бы быть!” Проснулся, потрогал щеку — слез нет"
323,"Ты красиво оборачиваешься, когда тебе надо оглянуться… Я нарочно окликал тебя сзади, чтобы ты оглянулась!"
324,"Одержимый все-таки парень! А где одержимость, там, возможно, и талант, шут его знает"
325,"И, спотыкаясь о корни деревьев, побежала"
326,"Молодые женщины и девушки, станьте рядом, чтобы мы увидели вас в полный рост"
327,Несметная армия в мирное время
328,"и где вы, ночлеги те!"
329,Вообще все в нашей стране как бы уменьшилось
330,"Налетел на дощатый топчан, проехался по не струганному полу, не понимаю, что происходит"
331,"– Но что-то, наверное, есть"
332,"Мы всех торгованов пугали, некоторых напугали до смерти"
333,"А кто тебя спас? Спрятал, выходил, поднял на ноги? Кто дал тебе работу?"
334,"Надо заметить, что Испания принадлежит к тем странам, где особенно часто встречаются эти рассеянные по всей Европе кочевники, цыгане"
335,"Ты с чертом связался, дружок"
336,"С течением времени эта беда прогрессировала, и теперь я слышу уже совсем неважно"
337,"в корпусах за глухими оградами,"
338,"Она так наклонялась, выпрямлялась и поворачивалась, что трудно было оторвать от нее взгляд"
339,"А для меня твоя война,"
340,- Для начала они решили снять комнату
341,Последствия не заставили себя долго ждать
